image_id,true_label,true_category,pred_label,pred_category,confidence,image_path,original_path,gradcam_path,border_attention,background_attention,foreground_attention,peak_border_fraction,peak_background_fraction,attention_diagnosis
IDEA074.jpg,10,LEGO Promotional,11,Licensed Entertainment,0.2554132640361786,/home/test/barco/images/IDEA074.jpg,/home/test/barco/xai_results/wrong_gradcam_examples/0000_IDEA074_original.png,/home/test/barco/xai_results/wrong_gradcam_examples/0000_IDEA074_gradcam.png,0.3986648917198181,0.24672599136829376,0.7532740235328674,0.4409160094091601,0.22768783727687839,likely_border_shortcut
DIM011.jpg,2,Collectible & Special,5,Fantasy,0.44926273822784424,/home/test/barco/images/DIM011.jpg,/home/test/barco/xai_results/wrong_gradcam_examples/0001_DIM011_original.png,/home/test/barco/xai_results/wrong_gradcam_examples/0001_DIM011_gradcam.png,0.22119688987731934,0.41813406348228455,0.5818659067153931,0.11343490304709142,0.12008310249307479,mixed_attention
CTY0394.jpg,32,Town - Rescue,29,Town - General,0.21150775253772736,/home/test/barco/images/CTY0394.jpg,/home/test/barco/xai_results/wrong_gradcam_examples/0002_CTY0394_original.png,/home/test/barco/xai_results/wrong_gradcam_examples/0002_CTY0394_gradcam.png,0.2317052185535431,0.5912037491798401,0.4087963104248047,0.12437673130193906,0.2394736842105263,likely_background_shortcut
CTY0771.jpg,29,Town - General,10,LEGO Promotional,0.3809177875518799,/home/test/barco/images/CTY0771.jpg,/home/test/barco/xai_results/wrong_gradcam_examples/0003_CTY0771_original.png,/home/test/barco/xai_results/wrong_gradcam_examples/0003_CTY0771_gradcam.png,0.17090176045894623,0.40126410126686096,0.5987359285354614,0.11024930747922437,0.11869806094182825,mixed_attention
CTY0816.jpg,27,Town - Exploration,25,Town - Coast Guard,0.4770154654979706,/home/test/barco/images/CTY0816.jpg,/home/test/barco/xai_results/wrong_gradcam_examples/0004_CTY0816_original.png,/home/test/barco/xai_results/wrong_gradcam_examples/0004_CTY0816_gradcam.png,0.10735400766134262,0.26893529295921326,0.7310646772384644,0.08933518005540166,0.08995844875346261,focuses_on_figure_but_wrong
MAR0112.jpg,22,Super Mario,2,Collectible & Special,0.42736929655075073,/home/test/barco/images/MAR0112.jpg,/home/test/barco/xai_results/wrong_gradcam_examples/0005_MAR0112_original.png,/home/test/barco/xai_results/wrong_gradcam_examples/0005_MAR0112_gradcam.png,0.19706663489341736,0.5142563581466675,0.4857437014579773,0.11412742382271468,0.16890581717451525,likely_background_shortcut
GAME009.jpg,10,LEGO Promotional,30,Town - Police,0.7277841567993164,/home/test/barco/images/GAME009.jpg,/home/test/barco/xai_results/wrong_gradcam_examples/0006_GAME009_original.png,/home/test/barco/xai_results/wrong_gradcam_examples/0006_GAME009_gradcam.png,0.2500668168067932,0.6011740565299988,0.39882588386535645,0.12299168975069252,0.37583102493074794,likely_background_shortcut
COL332.jpg,2,Collectible & Special,8,Jurassic World,0.8100383281707764,/home/test/barco/images/COL332.jpg,/home/test/barco/xai_results/wrong_gradcam_examples/0007_COL332_original.png,/home/test/barco/xai_results/wrong_gradcam_examples/0007_COL332_gradcam.png,0.22193951904773712,0.566676914691925,0.43332308530807495,0.12271468144044322,0.2443905817174515,likely_background_shortcut
IDEA105.jpg,10,LEGO Promotional,1,Castle & Medieval,0.14617416262626648,/home/test/barco/images/IDEA105.jpg,/home/test/barco/xai_results/wrong_gradcam_examples/0008_IDEA105_original.png,/home/test/barco/xai_results/wrong_gradcam_examples/0008_IDEA105_gradcam.png,0.11697403341531754,0.5669747591018677,0.4330252408981323,0.11520894403163133,0.4992160338128025,likely_background_shortcut
FST013.jpg,10,LEGO Promotional,20,Sports,0.21829909086227417,/home/test/barco/images/FST013.jpg,/home/test/barco/xai_results/wrong_gradcam_examples/0009_FST013_original.png,/home/test/barco/xai_results/wrong_gradcam_examples/0009_FST013_gradcam.png,0.5482922196388245,0.6405546069145203,0.35944536328315735,0.6342797783933518,0.6483379501385041,likely_background_shortcut
CTY1744.jpg,30,Town - Police,2,Collectible & Special,0.3562171161174774,/home/test/barco/images/CTY1744.jpg,/home/test/barco/xai_results/wrong_gradcam_examples/0010_CTY1744_original.png,/home/test/barco/xai_results/wrong_gradcam_examples/0010_CTY1744_gradcam.png,0.18510982394218445,0.5110293626785278,0.48897066712379456,0.10401662049861496,0.225207756232687,likely_background_shortcut
CTY1454.jpg,31,Town - Racing,29,Town - General,0.20744192600250244,/home/test/barco/images/CTY1454.jpg,/home/test/barco/xai_results/wrong_gradcam_examples/0011_CTY1454_original.png,/home/test/barco/xai_results/wrong_gradcam_examples/0011_CTY1454_gradcam.png,0.1707019954919815,0.39195549488067627,0.6080445051193237,0.11315789473684211,0.13490304709141274,focuses_on_figure_but_wrong
COLTLBM19.jpg,2,Collectible & Special,10,LEGO Promotional,0.2697754204273224,/home/test/barco/images/COLTLBM19.jpg,/home/test/barco/xai_results/wrong_gradcam_examples/0012_COLTLBM19_original.png,/home/test/barco/xai_results/wrong_gradcam_examples/0012_COLTLBM19_gradcam.png,0.1413009911775589,0.3775714933872223,0.6224284768104553,0.10955678670360111,0.1691135734072022,focuses_on_figure_but_wrong
CTY0327.jpg,29,Town - General,31,Town - Racing,0.3011171519756317,/home/test/barco/images/CTY0327.jpg,/home/test/barco/xai_results/wrong_gradcam_examples/0013_CTY0327_original.png,/home/test/barco/xai_results/wrong_gradcam_examples/0013_CTY0327_gradcam.png,0.12716321647167206,0.33697041869163513,0.6630296111106873,0.08067867036011081,0.08635734072022161,focuses_on_figure_but_wrong
CTY0466.jpg,29,Town - General,24,Town - Airport,0.4820059537887573,/home/test/barco/images/CTY0466.jpg,/home/test/barco/xai_results/wrong_gradcam_examples/0014_CTY0466_original.png,/home/test/barco/xai_results/wrong_gradcam_examples/0014_CTY0466_gradcam.png,0.172475203871727,0.39055702090263367,0.6094430088996887,0.1254500138465799,0.21981445582941014,focuses_on_figure_but_wrong
CTY0190.jpg,29,Town - General,2,Collectible & Special,0.38344067335128784,/home/test/barco/images/CTY0190.jpg,/home/test/barco/xai_results/wrong_gradcam_examples/0015_CTY0190_original.png,/home/test/barco/xai_results/wrong_gradcam_examples/0015_CTY0190_gradcam.png,0.15587012469768524,0.5479525327682495,0.45204752683639526,0.09986149584487534,0.34847645429362883,likely_background_shortcut
FTV002.jpg,11,Licensed Entertainment,10,LEGO Promotional,0.3107970654964447,/home/test/barco/images/FTV002.jpg,/home/test/barco/xai_results/wrong_gradcam_examples/0016_FTV002_original.png,/home/test/barco/xai_results/wrong_gradcam_examples/0016_FTV002_gradcam.png,0.1658061295747757,0.47644054889678955,0.5235595107078552,0.11385041551246537,0.2660664819944598,likely_background_shortcut
LOR081.jpg,12,Middle-Earth,2,Collectible & Special,0.44258466362953186,/home/test/barco/images/LOR081.jpg,/home/test/barco/xai_results/wrong_gradcam_examples/0017_LOR081_original.png,/home/test/barco/xai_results/wrong_gradcam_examples/0017_LOR081_gradcam.png,0.1805850714445114,0.2960296869277954,0.7039703130722046,0.11066481994459834,0.1146814404432133,focuses_on_figure_but_wrong
CTY0921.jpg,29,Town - General,31,Town - Racing,0.528579831123352,/home/test/barco/images/CTY0921.jpg,/home/test/barco/xai_results/wrong_gradcam_examples/0018_CTY0921_original.png,/home/test/barco/xai_results/wrong_gradcam_examples/0018_CTY0921_gradcam.png,0.12554095685482025,0.30376696586608887,0.6962329745292664,0.09903047091412742,0.10858725761772853,focuses_on_figure_but_wrong
IDEA228.jpg,10,LEGO Promotional,2,Collectible & Special,0.3828206956386566,/home/test/barco/images/IDEA228.jpg,/home/test/barco/xai_results/wrong_gradcam_examples/0019_IDEA228_original.png,/home/test/barco/xai_results/wrong_gradcam_examples/0019_IDEA228_gradcam.png,0.12828309834003448,0.4520419239997864,0.5479580163955688,0.08698060941828255,0.13240997229916898,likely_background_shortcut
COLMAR21.jpg,2,Collectible & Special,11,Licensed Entertainment,0.10654867440462112,/home/test/barco/images/COLMAR21.jpg,/home/test/barco/xai_results/wrong_gradcam_examples/0020_COLMAR21_original.png,/home/test/barco/xai_results/wrong_gradcam_examples/0020_COLMAR21_gradcam.png,0.2096119374036789,0.43314898014068604,0.566851019859314,0.10941828254847645,0.14307479224376732,mixed_attention
DIS178.jpg,3,Disney,7,Harry Potter,0.3917336165904999,/home/test/barco/images/DIS178.jpg,/home/test/barco/xai_results/wrong_gradcam_examples/0021_DIS178_original.png,/home/test/barco/xai_results/wrong_gradcam_examples/0021_DIS178_gradcam.png,0.16018444299697876,0.4405638873577118,0.5594360828399658,0.10955678670360111,0.146606648199446,mixed_attention
FMF001.jpg,29,Town - General,4,Education & Technical,0.6106725931167603,/home/test/barco/images/FMF001.jpg,/home/test/barco/xai_results/wrong_gradcam_examples/0022_FMF001_original.png,/home/test/barco/xai_results/wrong_gradcam_examples/0022_FMF001_gradcam.png,0.13239686191082,0.5676067471504211,0.43239325284957886,0.09986149584487534,0.4002770083102493,likely_background_shortcut
CTY0600.jpg,33,Town - Space,26,Town - Construction,0.1408233642578125,/home/test/barco/images/CTY0600.jpg,/home/test/barco/xai_results/wrong_gradcam_examples/0023_CTY0600_original.png,/home/test/barco/xai_results/wrong_gradcam_examples/0023_CTY0600_gradcam.png,0.2345917671918869,0.6796361207962036,0.32036396861076355,0.27770083102493076,0.628185595567867,likely_background_shortcut
EDU012.jpg,4,Education & Technical,33,Town - Space,0.4098155200481415,/home/test/barco/images/EDU012.jpg,/home/test/barco/xai_results/wrong_gradcam_examples/0024_EDU012_original.png,/home/test/barco/xai_results/wrong_gradcam_examples/0024_EDU012_gradcam.png,0.22117704153060913,0.5012155771255493,0.4987843930721283,0.1149584487534626,0.16745152354570636,likely_background_shortcut
CTY1185.jpg,24,Town - Airport,29,Town - General,0.2492147982120514,/home/test/barco/images/CTY1185.jpg,/home/test/barco/xai_results/wrong_gradcam_examples/0025_CTY1185_original.png,/home/test/barco/xai_results/wrong_gradcam_examples/0025_CTY1185_gradcam.png,0.17698407173156738,0.4469697177410126,0.5530303716659546,0.11301939058171745,0.1304016620498615,mixed_attention
IXS014.jpg,11,Licensed Entertainment,30,Town - Police,0.48480573296546936,/home/test/barco/images/IXS014.jpg,/home/test/barco/xai_results/wrong_gradcam_examples/0026_IXS014_original.png,/home/test/barco/xai_results/wrong_gradcam_examples/0026_IXS014_gradcam.png,0.17836034297943115,0.4395553767681122,0.5604445338249207,0.12789972993560003,0.12672252614084897,mixed_attention
CTY0698.jpg,31,Town - Racing,28,Town - Fire,0.20872195065021515,/home/test/barco/images/CTY0698.jpg,/home/test/barco/xai_results/wrong_gradcam_examples/0027_CTY0698_original.png,/home/test/barco/xai_results/wrong_gradcam_examples/0027_CTY0698_gradcam.png,0.2049769014120102,0.5829180479049683,0.41708189249038696,0.15344171566931858,0.45741957800069183,likely_background_shortcut
HOL349.jpg,2,Collectible & Special,10,LEGO Promotional,0.6287733316421509,/home/test/barco/images/HOL349.jpg,/home/test/barco/xai_results/wrong_gradcam_examples/0028_HOL349_original.png,/home/test/barco/xai_results/wrong_gradcam_examples/0028_HOL349_gradcam.png,0.11238423734903336,0.3970898687839508,0.6029101610183716,0.0997229916897507,0.1146814404432133,focuses_on_figure_but_wrong
IDEA089.jpg,10,LEGO Promotional,2,Collectible & Special,0.2262805849313736,/home/test/barco/images/IDEA089.jpg,/home/test/barco/xai_results/wrong_gradcam_examples/0029_IDEA089_original.png,/home/test/barco/xai_results/wrong_gradcam_examples/0029_IDEA089_gradcam.png,0.25480419397354126,0.6633519530296326,0.33664798736572266,0.12382271468144045,0.26842105263157895,likely_background_shortcut
CTY1824.jpg,29,Town - General,2,Collectible & Special,0.49358028173446655,/home/test/barco/images/CTY1824.jpg,/home/test/barco/xai_results/wrong_gradcam_examples/0030_CTY1824_original.png,/home/test/barco/xai_results/wrong_gradcam_examples/0030_CTY1824_gradcam.png,0.17388586699962616,0.46449264883995056,0.5355073809623718,0.10484764542936288,0.11724376731301939,likely_background_shortcut
CTY1907.jpg,29,Town - General,2,Collectible & Special,0.22478459775447845,/home/test/barco/images/CTY1907.jpg,/home/test/barco/xai_results/wrong_gradcam_examples/0031_CTY1907_original.png,/home/test/barco/xai_results/wrong_gradcam_examples/0031_CTY1907_gradcam.png,0.19287815690040588,0.45981162786483765,0.5401884317398071,0.10983379501385042,0.17340720221606648,likely_background_shortcut
DIS012.jpg,2,Collectible & Special,10,LEGO Promotional,0.3944142460823059,/home/test/barco/images/DIS012.jpg,/home/test/barco/xai_results/wrong_gradcam_examples/0032_DIS012_original.png,/home/test/barco/xai_results/wrong_gradcam_examples/0032_DIS012_gradcam.png,0.20553505420684814,0.512403130531311,0.48759692907333374,0.11869806094182825,0.18691135734072023,likely_background_shortcut
IAJ048.jpg,0,Adventure,7,Harry Potter,0.33382749557495117,/home/test/barco/images/IAJ048.jpg,/home/test/barco/xai_results/wrong_gradcam_examples/0033_IAJ048_original.png,/home/test/barco/xai_results/wrong_gradcam_examples/0033_IAJ048_gradcam.png,0.14613579213619232,0.25374430418014526,0.7462556958198547,0.09501385041551247,0.09688365650969528,focuses_on_figure_but_wrong
COLMAR12.jpg,2,Collectible & Special,11,Licensed Entertainment,0.15659037232398987,/home/test/barco/images/COLMAR12.jpg,/home/test/barco/xai_results/wrong_gradcam_examples/0034_COLMAR12_original.png,/home/test/barco/xai_results/wrong_gradcam_examples/0034_COLMAR12_gradcam.png,0.23248742520809174,0.41729965806007385,0.5827004313468933,0.09875346260387811,0.18310249307479223,mixed_attention
COL015.jpg,2,Collectible & Special,27,Town - Exploration,0.19683948159217834,/home/test/barco/images/COL015.jpg,/home/test/barco/xai_results/wrong_gradcam_examples/0035_COL015_original.png,/home/test/barco/xai_results/wrong_gradcam_examples/0035_COL015_gradcam.png,0.20888932049274445,0.3263842463493347,0.6736157536506653,0.09792243767313019,0.11475069252077562,focuses_on_figure_but_wrong
FORT014.jpg,35,Video Games,5,Fantasy,0.6379063129425049,/home/test/barco/images/FORT014.jpg,/home/test/barco/xai_results/wrong_gradcam_examples/0036_FORT014_original.png,/home/test/barco/xai_results/wrong_gradcam_examples/0036_FORT014_gradcam.png,0.18436028063297272,0.4272242784500122,0.5727758407592773,0.10886426592797784,0.1490304709141274,mixed_attention
ALP023.jpg,19,Space & Sci-Fi,30,Town - Police,0.09584561735391617,/home/test/barco/images/ALP023.jpg,/home/test/barco/xai_results/wrong_gradcam_examples/0037_ALP023_original.png,/home/test/barco/xai_results/wrong_gradcam_examples/0037_ALP023_gradcam.png,0.15880006551742554,0.4461209177970886,0.5538791418075562,0.09930747922437673,0.10325484764542936,mixed_attention
CRS054.jpg,17,Preschool,18,Racing & Vehicles,0.37675681710243225,/home/test/barco/images/CRS054.jpg,/home/test/barco/xai_results/wrong_gradcam_examples/0038_CRS054_original.png,/home/test/barco/xai_results/wrong_gradcam_examples/0038_CRS054_gradcam.png,0.23373118042945862,0.4578564167022705,0.5421435236930847,0.13878116343490304,0.37749307479224375,likely_background_shortcut
COL005.jpg,2,Collectible & Special,7,Harry Potter,0.28993692994117737,/home/test/barco/images/COL005.jpg,/home/test/barco/xai_results/wrong_gradcam_examples/0039_COL005_original.png,/home/test/barco/xai_results/wrong_gradcam_examples/0039_COL005_gradcam.png,0.17407003045082092,0.5086756944656372,0.491324245929718,0.10955678670360111,0.1546398891966759,likely_background_shortcut
CTY1786.jpg,29,Town - General,10,LEGO Promotional,0.49842342734336853,/home/test/barco/images/CTY1786.jpg,/home/test/barco/xai_results/wrong_gradcam_examples/0040_CTY1786_original.png,/home/test/barco/xai_results/wrong_gradcam_examples/0040_CTY1786_gradcam.png,0.15028133988380432,0.38016828894615173,0.6198316812515259,0.11024930747922437,0.12624653739612188,focuses_on_figure_but_wrong
BDP244.jpg,10,LEGO Promotional,2,Collectible & Special,0.4972837567329407,/home/test/barco/images/BDP244.jpg,/home/test/barco/xai_results/wrong_gradcam_examples/0041_BDP244_original.png,/home/test/barco/xai_results/wrong_gradcam_examples/0041_BDP244_gradcam.png,0.1638573259115219,0.4255674481391907,0.5744324922561646,0.10914127423822714,0.1121191135734072,mixed_attention
CTY0898.jpg,32,Town - Rescue,33,Town - Space,0.5888912677764893,/home/test/barco/images/CTY0898.jpg,/home/test/barco/xai_results/wrong_gradcam_examples/0042_CTY0898_original.png,/home/test/barco/xai_results/wrong_gradcam_examples/0042_CTY0898_gradcam.png,0.22379955649375916,0.6669475436210632,0.33305251598358154,0.1149584487534626,0.5979224376731302,likely_background_shortcut
JW097.jpg,8,Jurassic World,7,Harry Potter,0.35263967514038086,/home/test/barco/images/JW097.jpg,/home/test/barco/xai_results/wrong_gradcam_examples/0043_JW097_original.png,/home/test/barco/xai_results/wrong_gradcam_examples/0043_JW097_gradcam.png,0.17162346839904785,0.4631425738334656,0.5368574857711792,0.11537396121883657,0.17590027700831026,likely_background_shortcut
COL408.jpg,2,Collectible & Special,1,Castle & Medieval,0.5278165340423584,/home/test/barco/images/COL408.jpg,/home/test/barco/xai_results/wrong_gradcam_examples/0044_COL408_original.png,/home/test/barco/xai_results/wrong_gradcam_examples/0044_COL408_gradcam.png,0.23829996585845947,0.5208866596221924,0.47911337018013,0.12326869806094183,0.18227146814404432,likely_background_shortcut
COL282.jpg,2,Collectible & Special,30,Town - Police,0.6622135043144226,/home/test/barco/images/COL282.jpg,/home/test/barco/xai_results/wrong_gradcam_examples/0045_COL282_original.png,/home/test/barco/xai_results/wrong_gradcam_examples/0045_COL282_gradcam.png,0.16953317821025848,0.3911147117614746,0.6088852286338806,0.11454293628808865,0.12029085872576177,focuses_on_figure_but_wrong
CTY0291.jpg,29,Town - General,33,Town - Space,0.3693893551826477,/home/test/barco/images/CTY0291.jpg,/home/test/barco/xai_results/wrong_gradcam_examples/0046_CTY0291_original.png,/home/test/barco/xai_results/wrong_gradcam_examples/0046_CTY0291_gradcam.png,0.27497372031211853,0.5630356669425964,0.43696439266204834,0.12313019390581717,0.21523545706371192,likely_background_shortcut
CTY1339.jpg,29,Town - General,31,Town - Racing,0.22683772444725037,/home/test/barco/images/CTY1339.jpg,/home/test/barco/xai_results/wrong_gradcam_examples/0047_CTY1339_original.png,/home/test/barco/xai_results/wrong_gradcam_examples/0047_CTY1339_gradcam.png,0.09511587768793106,0.27155640721321106,0.7284435629844666,0.027008310249307478,0.0793628808864266,focuses_on_figure_but_wrong
COL006.jpg,2,Collectible & Special,0,Adventure,0.33921971917152405,/home/test/barco/images/COL006.jpg,/home/test/barco/xai_results/wrong_gradcam_examples/0048_COL006_original.png,/home/test/barco/xai_results/wrong_gradcam_examples/0048_COL006_gradcam.png,0.21445490419864655,0.4499518573284149,0.5500480532646179,0.2340027700831025,0.3340027700831025,mixed_attention
CTY1567.jpg,28,Town - Fire,31,Town - Racing,0.32536035776138306,/home/test/barco/images/CTY1567.jpg,/home/test/barco/xai_results/wrong_gradcam_examples/0049_CTY1567_original.png,/home/test/barco/xai_results/wrong_gradcam_examples/0049_CTY1567_gradcam.png,0.29929935932159424,0.55545973777771,0.44454023241996765,0.12396121883656509,0.178601108033241,likely_background_shortcut
HS007.jpg,5,Fantasy,27,Town - Exploration,0.4260444939136505,/home/test/barco/images/HS007.jpg,/home/test/barco/xai_results/wrong_gradcam_examples/0050_HS007_original.png,/home/test/barco/xai_results/wrong_gradcam_examples/0050_HS007_gradcam.png,0.086843341588974,0.17823855578899384,0.8217614889144897,0.0,0.02742382271468144,focuses_on_figure_but_wrong
HOL329.jpg,2,Collectible & Special,10,LEGO Promotional,0.6623179316520691,/home/test/barco/images/HOL329.jpg,/home/test/barco/xai_results/wrong_gradcam_examples/0051_HOL329_original.png,/home/test/barco/xai_results/wrong_gradcam_examples/0051_HOL329_gradcam.png,0.09553775191307068,0.3699890375137329,0.6300109028816223,0.08559556786703601,0.08753462603878116,focuses_on_figure_but_wrong
HOL265.jpg,2,Collectible & Special,10,LEGO Promotional,0.5805732607841492,/home/test/barco/images/HOL265.jpg,/home/test/barco/xai_results/wrong_gradcam_examples/0052_HOL265_original.png,/home/test/barco/xai_results/wrong_gradcam_examples/0052_HOL265_gradcam.png,0.17140093445777893,0.4763911962509155,0.5236088633537292,0.11426592797783934,0.24286703601108034,likely_background_shortcut
IDEA169.jpg,10,LEGO Promotional,2,Collectible & Special,0.3457343578338623,/home/test/barco/images/IDEA169.jpg,/home/test/barco/xai_results/wrong_gradcam_examples/0053_IDEA169_original.png,/home/test/barco/xai_results/wrong_gradcam_examples/0053_IDEA169_gradcam.png,0.19507357478141785,0.40897560119628906,0.5910243391990662,0.11343490304709142,0.21385041551246536,mixed_attention
IDEA209.jpg,10,LEGO Promotional,29,Town - General,0.510314404964447,/home/test/barco/images/IDEA209.jpg,/home/test/barco/xai_results/wrong_gradcam_examples/0054_IDEA209_original.png,/home/test/barco/xai_results/wrong_gradcam_examples/0054_IDEA209_gradcam.png,0.17235998809337616,0.481808602809906,0.5181914567947388,0.11509695290858726,0.13261772853185597,likely_background_shortcut
DIS036.jpg,2,Collectible & Special,3,Disney,0.5010234117507935,/home/test/barco/images/DIS036.jpg,/home/test/barco/xai_results/wrong_gradcam_examples/0055_DIS036_original.png,/home/test/barco/xai_results/wrong_gradcam_examples/0055_DIS036_gradcam.png,0.17829196155071259,0.3095279633998871,0.6904720067977905,0.1,0.1074792243767313,focuses_on_figure_but_wrong
LLP022.jpg,10,LEGO Promotional,30,Town - Police,0.5536704063415527,/home/test/barco/images/LLP022.jpg,/home/test/barco/xai_results/wrong_gradcam_examples/0056_LLP022_original.png,/home/test/barco/xai_results/wrong_gradcam_examples/0056_LLP022_gradcam.png,0.2510491907596588,0.5491332411766052,0.45086681842803955,0.12299168975069252,0.1530470914127424,likely_background_shortcut
BDP052.jpg,10,LEGO Promotional,29,Town - General,0.4529803395271301,/home/test/barco/images/BDP052.jpg,/home/test/barco/xai_results/wrong_gradcam_examples/0057_BDP052_original.png,/home/test/barco/xai_results/wrong_gradcam_examples/0057_BDP052_gradcam.png,0.16794824600219727,0.4924462139606476,0.50755375623703,0.11426592797783934,0.1497229916897507,likely_background_shortcut
JW046.jpg,8,Jurassic World,2,Collectible & Special,0.29579246044158936,/home/test/barco/images/JW046.jpg,/home/test/barco/xai_results/wrong_gradcam_examples/0058_JW046_original.png,/home/test/barco/xai_results/wrong_gradcam_examples/0058_JW046_gradcam.png,0.17831654846668243,0.39117631316185,0.6088236570358276,0.10346260387811634,0.10533240997229917,focuses_on_figure_but_wrong
HOL335.jpg,2,Collectible & Special,10,LEGO Promotional,0.2579222321510315,/home/test/barco/images/HOL335.jpg,/home/test/barco/xai_results/wrong_gradcam_examples/0059_HOL335_original.png,/home/test/barco/xai_results/wrong_gradcam_examples/0059_HOL335_gradcam.png,0.1484600007534027,0.47038039565086365,0.5296196937561035,0.10457063711911357,0.13421052631578947,likely_background_shortcut
IDEA165.jpg,10,LEGO Promotional,22,Super Mario,0.3447627127170563,/home/test/barco/images/IDEA165.jpg,/home/test/barco/xai_results/wrong_gradcam_examples/0060_IDEA165_original.png,/home/test/barco/xai_results/wrong_gradcam_examples/0060_IDEA165_gradcam.png,0.2185269445180893,0.4524269104003906,0.5475730299949646,0.11731301939058172,0.14868421052631578,likely_background_shortcut
FST014.jpg,10,LEGO Promotional,11,Licensed Entertainment,0.16975991427898407,/home/test/barco/images/FST014.jpg,/home/test/barco/xai_results/wrong_gradcam_examples/0061_FST014_original.png,/home/test/barco/xai_results/wrong_gradcam_examples/0061_FST014_gradcam.png,0.16852934658527374,0.65029376745224,0.34970611333847046,0.053670360110803325,0.6171745152354571,likely_background_shortcut
COL349.jpg,2,Collectible & Special,28,Town - Fire,0.7190589904785156,/home/test/barco/images/COL349.jpg,/home/test/barco/xai_results/wrong_gradcam_examples/0062_COL349_original.png,/home/test/barco/xai_results/wrong_gradcam_examples/0062_COL349_gradcam.png,0.27331337332725525,0.5338563919067383,0.46614354848861694,0.12368421052631579,0.14861495844875347,likely_background_shortcut
FRND0618.jpg,6,Friends & Fantasy,3,Disney,0.4151662290096283,/home/test/barco/images/FRND0618.jpg,/home/test/barco/xai_results/wrong_gradcam_examples/0063_FRND0618_original.png,/home/test/barco/xai_results/wrong_gradcam_examples/0063_FRND0618_gradcam.png,0.1807592213153839,0.5222824215888977,0.47771763801574707,0.11011080332409973,0.2842797783933518,likely_background_shortcut
BDP240.jpg,10,LEGO Promotional,5,Fantasy,0.20121559500694275,/home/test/barco/images/BDP240.jpg,/home/test/barco/xai_results/wrong_gradcam_examples/0064_BDP240_original.png,/home/test/barco/xai_results/wrong_gradcam_examples/0064_BDP240_gradcam.png,0.2140621840953827,0.5286692976951599,0.4713307321071625,0.09529085872576178,0.2600415512465374,likely_background_shortcut
COL435.jpg,2,Collectible & Special,10,LEGO Promotional,0.3679986298084259,/home/test/barco/images/COL435.jpg,/home/test/barco/xai_results/wrong_gradcam_examples/0065_COL435_original.png,/home/test/barco/xai_results/wrong_gradcam_examples/0065_COL435_gradcam.png,0.1537710279226303,0.45936888456344604,0.540631115436554,0.11024930747922437,0.13047091412742381,likely_background_shortcut
MK016.jpg,14,Monkie Kid,29,Town - General,0.5119259357452393,/home/test/barco/images/MK016.jpg,/home/test/barco/xai_results/wrong_gradcam_examples/0066_MK016_original.png,/home/test/barco/xai_results/wrong_gradcam_examples/0066_MK016_gradcam.png,0.17754791676998138,0.49496859312057495,0.5050313472747803,0.10484764542936288,0.1659279778393352,likely_background_shortcut
DIS010.jpg,2,Collectible & Special,3,Disney,0.7819541096687317,/home/test/barco/images/DIS010.jpg,/home/test/barco/xai_results/wrong_gradcam_examples/0067_DIS010_original.png,/home/test/barco/xai_results/wrong_gradcam_examples/0067_DIS010_gradcam.png,0.09620828926563263,0.4517662227153778,0.5482336282730103,0.05124653739612189,0.417797783933518,likely_background_shortcut
COL361.jpg,2,Collectible & Special,1,Castle & Medieval,0.5562546849250793,/home/test/barco/images/COL361.jpg,/home/test/barco/xai_results/wrong_gradcam_examples/0068_COL361_original.png,/home/test/barco/xai_results/wrong_gradcam_examples/0068_COL361_gradcam.png,0.16956010460853577,0.5165508389472961,0.4834493100643158,0.11038781163434903,0.17049861495844876,likely_background_shortcut
ADV001.jpg,0,Adventure,2,Collectible & Special,0.3129424750804901,/home/test/barco/images/ADV001.jpg,/home/test/barco/xai_results/wrong_gradcam_examples/0069_ADV001_original.png,/home/test/barco/xai_results/wrong_gradcam_examples/0069_ADV001_gradcam.png,0.18531638383865356,0.4465375542640686,0.5534624457359314,0.11842105263157894,0.20353185595567866,mixed_attention
CTY0721.jpg,29,Town - General,2,Collectible & Special,0.24148796498775482,/home/test/barco/images/CTY0721.jpg,/home/test/barco/xai_results/wrong_gradcam_examples/0070_CTY0721_original.png,/home/test/barco/xai_results/wrong_gradcam_examples/0070_CTY0721_gradcam.png,0.138513445854187,0.40390363335609436,0.5960963368415833,0.09584487534626039,0.14882271468144045,mixed_attention
CTY1577.jpg,31,Town - Racing,2,Collectible & Special,0.2638598382472992,/home/test/barco/images/CTY1577.jpg,/home/test/barco/xai_results/wrong_gradcam_examples/0071_CTY1577_original.png,/home/test/barco/xai_results/wrong_gradcam_examples/0071_CTY1577_gradcam.png,0.16537146270275116,0.42550164461135864,0.5744984745979309,0.10457063711911357,0.15193905817174516,mixed_attention
COL279.jpg,2,Collectible & Special,33,Town - Space,0.4934847354888916,/home/test/barco/images/COL279.jpg,/home/test/barco/xai_results/wrong_gradcam_examples/0072_COL279_original.png,/home/test/barco/xai_results/wrong_gradcam_examples/0072_COL279_gradcam.png,0.25568124651908875,0.7595859169960022,0.2404141128063202,0.12257617728531855,0.5955678670360111,likely_background_shortcut
EDU022.jpg,4,Education & Technical,1,Castle & Medieval,0.37421396374702454,/home/test/barco/images/EDU022.jpg,/home/test/barco/xai_results/wrong_gradcam_examples/0073_EDU022_original.png,/home/test/barco/xai_results/wrong_gradcam_examples/0073_EDU022_gradcam.png,0.19606424868106842,0.4262111186981201,0.5737889409065247,0.13621883656509695,0.21585872576177284,mixed_attention
CTY0706.jpg,24,Town - Airport,29,Town - General,0.4724646508693695,/home/test/barco/images/CTY0706.jpg,/home/test/barco/xai_results/wrong_gradcam_examples/0074_CTY0706_original.png,/home/test/barco/xai_results/wrong_gradcam_examples/0074_CTY0706_gradcam.png,0.1933039426803589,0.5617607831954956,0.4382392168045044,0.11537396121883657,0.12153739612188366,likely_background_shortcut
CTY0571.jpg,33,Town - Space,24,Town - Airport,0.2837822139263153,/home/test/barco/images/CTY0571.jpg,/home/test/barco/xai_results/wrong_gradcam_examples/0075_CTY0571_original.png,/home/test/barco/xai_results/wrong_gradcam_examples/0075_CTY0571_gradcam.png,0.35349300503730774,0.4947555661201477,0.5052444934844971,0.2629501385041551,0.31308864265927977,likely_background_shortcut
CTY1755.jpg,33,Town - Space,10,LEGO Promotional,0.2584817707538605,/home/test/barco/images/CTY1755.jpg,/home/test/barco/xai_results/wrong_gradcam_examples/0076_CTY1755_original.png,/home/test/barco/xai_results/wrong_gradcam_examples/0076_CTY1755_gradcam.png,0.13832765817642212,0.42433974146842957,0.575660228729248,0.11024930747922437,0.114196675900277,mixed_attention
CTY1086.jpg,29,Town - General,31,Town - Racing,0.12465690821409225,/home/test/barco/images/CTY1086.jpg,/home/test/barco/xai_results/wrong_gradcam_examples/0077_CTY1086_original.png,/home/test/barco/xai_results/wrong_gradcam_examples/0077_CTY1086_gradcam.png,0.14990338683128357,0.39251768589019775,0.6074824333190918,0.05339335180055402,0.14515235457063713,focuses_on_figure_but_wrong
BDP156.jpg,10,LEGO Promotional,0,Adventure,0.23032161593437195,/home/test/barco/images/BDP156.jpg,/home/test/barco/xai_results/wrong_gradcam_examples/0078_BDP156_original.png,/home/test/barco/xai_results/wrong_gradcam_examples/0078_BDP156_gradcam.png,0.42892134189605713,0.9456666707992554,0.05433342978358269,0.38598311885983116,0.94465199944652,likely_background_shortcut
COLMAR01.jpg,2,Collectible & Special,12,Middle-Earth,0.6842673420906067,/home/test/barco/images/COLMAR01.jpg,/home/test/barco/xai_results/wrong_gradcam_examples/0079_COLMAR01_original.png,/home/test/barco/xai_results/wrong_gradcam_examples/0079_COLMAR01_gradcam.png,0.15131747722625732,0.25150302052497864,0.7484968900680542,0.1128808864265928,0.12382271468144045,focuses_on_figure_but_wrong
CTY0162.jpg,29,Town - General,33,Town - Space,0.4972527325153351,/home/test/barco/images/CTY0162.jpg,/home/test/barco/xai_results/wrong_gradcam_examples/0080_CTY0162_original.png,/home/test/barco/xai_results/wrong_gradcam_examples/0080_CTY0162_gradcam.png,0.26582661271095276,0.5434381365776062,0.4565619230270386,0.11980609418282548,0.2033240997229917,likely_background_shortcut
CTY0914.jpg,29,Town - General,30,Town - Police,0.42207086086273193,/home/test/barco/images/CTY0914.jpg,/home/test/barco/xai_results/wrong_gradcam_examples/0081_CTY0914_original.png,/home/test/barco/xai_results/wrong_gradcam_examples/0081_CTY0914_gradcam.png,0.14684171974658966,0.4127001464366913,0.5872998833656311,0.10470914127423822,0.1513157894736842,mixed_attention
4J005.jpg,17,Preschool,4,Education & Technical,0.5124270915985107,/home/test/barco/images/4J005.jpg,/home/test/barco/xai_results/wrong_gradcam_examples/0082_4J005_original.png,/home/test/barco/xai_results/wrong_gradcam_examples/0082_4J005_gradcam.png,0.11930887401103973,0.4857152998447418,0.5142846703529358,0.0907202216066482,0.22098337950138505,likely_background_shortcut
HP071.jpg,7,Harry Potter,0,Adventure,0.44474706053733826,/home/test/barco/images/HP071.jpg,/home/test/barco/xai_results/wrong_gradcam_examples/0083_HP071_original.png,/home/test/barco/xai_results/wrong_gradcam_examples/0083_HP071_gradcam.png,0.24236960709095,0.4962210953235626,0.503778874874115,0.11994459833795014,0.1626731301939058,likely_background_shortcut
FST054.jpg,10,LEGO Promotional,30,Town - Police,0.12326348572969437,/home/test/barco/images/FST054.jpg,/home/test/barco/xai_results/wrong_gradcam_examples/0084_FST054_original.png,/home/test/barco/xai_results/wrong_gradcam_examples/0084_FST054_gradcam.png,0.17161604762077332,0.4233390688896179,0.5766609311103821,0.09958448753462604,0.18801939058171746,mixed_attention
HKY004.jpg,20,Sports,1,Castle & Medieval,0.45578733086586,/home/test/barco/images/HKY004.jpg,/home/test/barco/xai_results/wrong_gradcam_examples/0085_HKY004_original.png,/home/test/barco/xai_results/wrong_gradcam_examples/0085_HKY004_gradcam.png,0.10360588878393173,0.347822368144989,0.652177631855011,0.08836565096952909,0.25090027700831025,focuses_on_figure_but_wrong
FST020.jpg,10,LEGO Promotional,29,Town - General,0.578019917011261,/home/test/barco/images/FST020.jpg,/home/test/barco/xai_results/wrong_gradcam_examples/0086_FST020_original.png,/home/test/barco/xai_results/wrong_gradcam_examples/0086_FST020_gradcam.png,0.1607668697834015,0.41844919323921204,0.5815508365631104,0.1092797783933518,0.12306094182825485,mixed_attention
CTY1150.jpg,29,Town - General,10,LEGO Promotional,0.23387765884399414,/home/test/barco/images/CTY1150.jpg,/home/test/barco/xai_results/wrong_gradcam_examples/0087_CTY1150_original.png,/home/test/barco/xai_results/wrong_gradcam_examples/0087_CTY1150_gradcam.png,0.17119738459587097,0.5657444596290588,0.4342554807662964,0.14245152354570637,0.22569252077562327,likely_background_shortcut
FST046.jpg,10,LEGO Promotional,29,Town - General,0.22207015752792358,/home/test/barco/images/FST046.jpg,/home/test/barco/xai_results/wrong_gradcam_examples/0088_FST046_original.png,/home/test/barco/xai_results/wrong_gradcam_examples/0088_FST046_gradcam.png,0.18722371757030487,0.44484034180641174,0.5551595091819763,0.11426592797783934,0.12126038781163435,mixed_attention
HP159.jpg,7,Harry Potter,12,Middle-Earth,0.44747471809387207,/home/test/barco/images/HP159.jpg,/home/test/barco/xai_results/wrong_gradcam_examples/0089_HP159_original.png,/home/test/barco/xai_results/wrong_gradcam_examples/0089_HP159_gradcam.png,0.0762103945016861,0.23420880734920502,0.7657911777496338,0.06059556786703601,0.06073407202216066,focuses_on_figure_but_wrong
BDP096.jpg,10,LEGO Promotional,29,Town - General,0.47895967960357666,/home/test/barco/images/BDP096.jpg,/home/test/barco/xai_results/wrong_gradcam_examples/0090_BDP096_original.png,/home/test/barco/xai_results/wrong_gradcam_examples/0090_BDP096_gradcam.png,0.14680492877960205,0.4377199411392212,0.5622801780700684,0.10055401662049862,0.10990304709141274,mixed_attention
IDEA200.jpg,10,LEGO Promotional,8,Jurassic World,0.23120208084583282,/home/test/barco/images/IDEA200.jpg,/home/test/barco/xai_results/wrong_gradcam_examples/0091_IDEA200_original.png,/home/test/barco/xai_results/wrong_gradcam_examples/0091_IDEA200_gradcam.png,0.12580536305904388,0.47266319394111633,0.5273367762565613,0.10332409972299168,0.3045706371191136,likely_background_shortcut
CTY1045.jpg,29,Town - General,2,Collectible & Special,0.2693444490432739,/home/test/barco/images/CTY1045.jpg,/home/test/barco/xai_results/wrong_gradcam_examples/0092_CTY1045_original.png,/home/test/barco/xai_results/wrong_gradcam_examples/0092_CTY1045_gradcam.png,0.08107481151819229,0.0974784642457962,0.9025216102600098,0.06717451523545706,0.06890581717451523,focuses_on_figure_but_wrong
GDH008.jpg,11,Licensed Entertainment,6,Friends & Fantasy,0.4151041805744171,/home/test/barco/images/GDH008.jpg,/home/test/barco/xai_results/wrong_gradcam_examples/0093_GDH008_original.png,/home/test/barco/xai_results/wrong_gradcam_examples/0093_GDH008_gradcam.png,0.2049996554851532,0.6326614618301392,0.36733853816986084,0.22493074792243767,0.4360803324099723,likely_background_shortcut
DP054A.jpg,3,Disney,2,Collectible & Special,0.2974177300930023,/home/test/barco/images/DP054A.jpg,/home/test/barco/xai_results/wrong_gradcam_examples/0094_DP054A_original.png,/home/test/barco/xai_results/wrong_gradcam_examples/0094_DP054A_gradcam.png,0.22264260053634644,0.7729864120483398,0.22701358795166016,0.12105263157894737,0.5300554016620499,likely_background_shortcut
HOL380.jpg,2,Collectible & Special,10,LEGO Promotional,0.4795564115047455,/home/test/barco/images/HOL380.jpg,/home/test/barco/xai_results/wrong_gradcam_examples/0095_HOL380_original.png,/home/test/barco/xai_results/wrong_gradcam_examples/0095_HOL380_gradcam.png,0.09291434288024902,0.5043706893920898,0.49562931060791016,0.08268698060941829,0.20858725761772853,likely_background_shortcut
EEYORENEW.jpg,17,Preschool,12,Middle-Earth,0.2115112692117691,/home/test/barco/images/EEYORENEW.jpg,/home/test/barco/xai_results/wrong_gradcam_examples/0096_EEYORENEW_original.png,/home/test/barco/xai_results/wrong_gradcam_examples/0096_EEYORENEW_gradcam.png,0.1641954928636551,0.24263672530651093,0.7573632001876831,0.05339335180055402,0.07541551246537397,focuses_on_figure_but_wrong
HOL390.jpg,2,Collectible & Special,10,LEGO Promotional,0.7080200910568237,/home/test/barco/images/HOL390.jpg,/home/test/barco/xai_results/wrong_gradcam_examples/0097_HOL390_original.png,/home/test/barco/xai_results/wrong_gradcam_examples/0097_HOL390_gradcam.png,0.12131398171186447,0.3187699317932129,0.6812301278114319,0.10498614958448753,0.10706371191135734,focuses_on_figure_but_wrong
FMF002.jpg,29,Town - General,4,Education & Technical,0.369271844625473,/home/test/barco/images/FMF002.jpg,/home/test/barco/xai_results/wrong_gradcam_examples/0098_FMF002_original.png,/home/test/barco/xai_results/wrong_gradcam_examples/0098_FMF002_gradcam.png,0.3086320161819458,0.5731834173202515,0.42681658267974854,0.25581717451523545,0.46696675900277007,likely_background_shortcut
HFW002.jpg,35,Video Games,18,Racing & Vehicles,0.43325361609458923,/home/test/barco/images/HFW002.jpg,/home/test/barco/xai_results/wrong_gradcam_examples/0099_HFW002_original.png,/home/test/barco/xai_results/wrong_gradcam_examples/0099_HFW002_gradcam.png,0.25276175141334534,0.6627761721611023,0.3372238278388977,0.16558171745152356,0.538573407202216,likely_background_shortcut
DP017.jpg,3,Disney,2,Collectible & Special,0.18012014031410217,/home/test/barco/images/DP017.jpg,/home/test/barco/xai_results/wrong_gradcam_examples/0100_DP017_original.png,/home/test/barco/xai_results/wrong_gradcam_examples/0100_DP017_gradcam.png,0.17018325626850128,0.717698335647583,0.2823016047477722,0.11481994459833796,0.4822714681440443,likely_background_shortcut
HS034.jpg,5,Fantasy,7,Harry Potter,0.2943730354309082,/home/test/barco/images/HS034.jpg,/home/test/barco/xai_results/wrong_gradcam_examples/0101_HS034_original.png,/home/test/barco/xai_results/wrong_gradcam_examples/0101_HS034_gradcam.png,0.13328056037425995,0.45266425609588623,0.5473358035087585,0.09432132963988919,0.16682825484764544,likely_background_shortcut
IDEA182.jpg,10,LEGO Promotional,2,Collectible & Special,0.413400799036026,/home/test/barco/images/IDEA182.jpg,/home/test/barco/xai_results/wrong_gradcam_examples/0102_IDEA182_original.png,/home/test/barco/xai_results/wrong_gradcam_examples/0102_IDEA182_gradcam.png,0.13781242072582245,0.3203100562095642,0.679689884185791,0.10526315789473684,0.12804709141274237,focuses_on_figure_but_wrong
COLDND12.jpg,2,Collectible & Special,5,Fantasy,0.3031156361103058,/home/test/barco/images/COLDND12.jpg,/home/test/barco/xai_results/wrong_gradcam_examples/0103_COLDND12_original.png,/home/test/barco/xai_results/wrong_gradcam_examples/0103_COLDND12_gradcam.png,0.19811664521694183,0.3777734339237213,0.6222265958786011,0.11398891966759003,0.13961218836565098,focuses_on_figure_but_wrong
CTY0583.jpg,29,Town - General,1,Castle & Medieval,0.5883744955062866,/home/test/barco/images/CTY0583.jpg,/home/test/barco/xai_results/wrong_gradcam_examples/0104_CTY0583_original.png,/home/test/barco/xai_results/wrong_gradcam_examples/0104_CTY0583_gradcam.png,0.2300959676504135,0.5793869495391846,0.42061302065849304,0.11980609418282548,0.38102493074792243,likely_background_shortcut
CTY1506.jpg,29,Town - General,2,Collectible & Special,0.22449900209903717,/home/test/barco/images/CTY1506.jpg,/home/test/barco/xai_results/wrong_gradcam_examples/0105_CTY1506_original.png,/home/test/barco/xai_results/wrong_gradcam_examples/0105_CTY1506_gradcam.png,0.12981192767620087,0.4355592429637909,0.5644407868385315,0.09986149584487534,0.14632963988919667,mixed_attention
FRND0285.jpg,6,Friends & Fantasy,3,Disney,0.3652101457118988,/home/test/barco/images/FRND0285.jpg,/home/test/barco/xai_results/wrong_gradcam_examples/0106_FRND0285_original.png,/home/test/barco/xai_results/wrong_gradcam_examples/0106_FRND0285_gradcam.png,0.12504681944847107,0.4954931139945984,0.5045068264007568,0.1814404432132964,0.30367036011080334,likely_background_shortcut
CTY1498.jpg,31,Town - Racing,29,Town - General,0.3734692633152008,/home/test/barco/images/CTY1498.jpg,/home/test/barco/xai_results/wrong_gradcam_examples/0107_CTY1498_original.png,/home/test/barco/xai_results/wrong_gradcam_examples/0107_CTY1498_gradcam.png,0.18561995029449463,0.4690372943878174,0.5309627056121826,0.11551246537396122,0.1265235457063712,likely_background_shortcut
GEN026.jpg,2,Collectible & Special,16,Pirates,0.20222952961921692,/home/test/barco/images/GEN026.jpg,/home/test/barco/xai_results/wrong_gradcam_examples/0108_GEN026_original.png,/home/test/barco/xai_results/wrong_gradcam_examples/0108_GEN026_gradcam.png,0.23030516505241394,0.919496476650238,0.08050353825092316,0.11897506925207756,0.8198753462603878,likely_background_shortcut
BDP092.jpg,10,LEGO Promotional,29,Town - General,0.2975665032863617,/home/test/barco/images/BDP092.jpg,/home/test/barco/xai_results/wrong_gradcam_examples/0109_BDP092_original.png,/home/test/barco/xai_results/wrong_gradcam_examples/0109_BDP092_gradcam.png,0.1507127583026886,0.4671012759208679,0.5328987240791321,0.10429362880886427,0.17022160664819944,likely_background_shortcut
CTY1784.jpg,29,Town - General,32,Town - Rescue,0.38727208971977234,/home/test/barco/images/CTY1784.jpg,/home/test/barco/xai_results/wrong_gradcam_examples/0110_CTY1784_original.png,/home/test/barco/xai_results/wrong_gradcam_examples/0110_CTY1784_gradcam.png,0.19116079807281494,0.2764623463153839,0.7235376834869385,0.15249307479224378,0.17486149584487534,focuses_on_figure_but_wrong
CTY1904.jpg,29,Town - General,10,LEGO Promotional,0.48517972230911255,/home/test/barco/images/CTY1904.jpg,/home/test/barco/xai_results/wrong_gradcam_examples/0111_CTY1904_original.png,/home/test/barco/xai_results/wrong_gradcam_examples/0111_CTY1904_gradcam.png,0.12136945128440857,0.4282614290714264,0.5717385411262512,0.10110803324099724,0.10879501385041551,mixed_attention
CTY1737.jpg,30,Town - Police,10,LEGO Promotional,0.18022188544273376,/home/test/barco/images/CTY1737.jpg,/home/test/barco/xai_results/wrong_gradcam_examples/0112_CTY1737_original.png,/home/test/barco/xai_results/wrong_gradcam_examples/0112_CTY1737_gradcam.png,0.08950432389974594,0.4129124581813812,0.5870875120162964,0.08573407202216067,0.17119113573407202,mixed_attention
CTY1805.jpg,29,Town - General,10,LEGO Promotional,0.40764933824539185,/home/test/barco/images/CTY1805.jpg,/home/test/barco/xai_results/wrong_gradcam_examples/0113_CTY1805_original.png,/home/test/barco/xai_results/wrong_gradcam_examples/0113_CTY1805_gradcam.png,0.12406875193119049,0.42305248975753784,0.5769475102424622,0.10484764542936288,0.10706371191135734,mixed_attention
FRND0400.jpg,6,Friends & Fantasy,3,Disney,0.48081499338150024,/home/test/barco/images/FRND0400.jpg,/home/test/barco/xai_results/wrong_gradcam_examples/0114_FRND0400_original.png,/home/test/barco/xai_results/wrong_gradcam_examples/0114_FRND0400_gradcam.png,0.18883493542671204,0.49935752153396606,0.5006424784660339,0.11024930747922437,0.18462603878116343,likely_background_shortcut
CTY1593.jpg,31,Town - Racing,30,Town - Police,0.5802439451217651,/home/test/barco/images/CTY1593.jpg,/home/test/barco/xai_results/wrong_gradcam_examples/0115_CTY1593_original.png,/home/test/barco/xai_results/wrong_gradcam_examples/0115_CTY1593_gradcam.png,0.1584860235452652,0.21900442242622375,0.7809955477714539,0.10124653739612188,0.121398891966759,focuses_on_figure_but_wrong
IDEA270.jpg,10,LEGO Promotional,7,Harry Potter,0.5496219992637634,/home/test/barco/images/IDEA270.jpg,/home/test/barco/xai_results/wrong_gradcam_examples/0116_IDEA270_original.png,/home/test/barco/xai_results/wrong_gradcam_examples/0116_IDEA270_gradcam.png,0.1305990219116211,0.3354939818382263,0.6645059585571289,0.09515235457063712,0.10574792243767313,focuses_on_figure_but_wrong
DOC028.jpg,32,Town - Rescue,10,LEGO Promotional,0.5924208164215088,/home/test/barco/images/DOC028.jpg,/home/test/barco/xai_results/wrong_gradcam_examples/0117_DOC028_original.png,/home/test/barco/xai_results/wrong_gradcam_examples/0117_DOC028_gradcam.png,0.15703871846199036,0.17778633534908295,0.8222137093544006,0.10941828254847645,0.11371191135734073,focuses_on_figure_but_wrong
GAME011.jpg,10,LEGO Promotional,2,Collectible & Special,0.45180419087409973,/home/test/barco/images/GAME011.jpg,/home/test/barco/xai_results/wrong_gradcam_examples/0118_GAME011_original.png,/home/test/barco/xai_results/wrong_gradcam_examples/0118_GAME011_gradcam.png,0.13331517577171326,0.4063378572463989,0.5936621427536011,0.09958448753462604,0.12638504155124652,mixed_attention
CTY1738.jpg,30,Town - Police,2,Collectible & Special,0.18170477449893951,/home/test/barco/images/CTY1738.jpg,/home/test/barco/xai_results/wrong_gradcam_examples/0119_CTY1738_original.png,/home/test/barco/xai_results/wrong_gradcam_examples/0119_CTY1738_gradcam.png,0.1278243362903595,0.34075263142585754,0.6592473387718201,0.07617728531855955,0.07638504155124654,focuses_on_figure_but_wrong
COLHP02.jpg,2,Collectible & Special,7,Harry Potter,0.49572330713272095,/home/test/barco/images/COLHP02.jpg,/home/test/barco/xai_results/wrong_gradcam_examples/0120_COLHP02_original.png,/home/test/barco/xai_results/wrong_gradcam_examples/0120_COLHP02_gradcam.png,0.17364060878753662,0.409650593996048,0.5903493762016296,0.11481994459833796,0.13573407202216067,mixed_attention
CTY1252.jpg,28,Town - Fire,33,Town - Space,0.47641122341156006,/home/test/barco/images/CTY1252.jpg,/home/test/barco/xai_results/wrong_gradcam_examples/0121_CTY1252_original.png,/home/test/barco/xai_results/wrong_gradcam_examples/0121_CTY1252_gradcam.png,0.23835183680057526,0.5919209718704224,0.40807899832725525,0.11994459833795014,0.28434903047091414,likely_background_shortcut
HOL406.jpg,2,Collectible & Special,29,Town - General,0.5304315686225891,/home/test/barco/images/HOL406.jpg,/home/test/barco/xai_results/wrong_gradcam_examples/0122_HOL406_original.png,/home/test/barco/xai_results/wrong_gradcam_examples/0122_HOL406_gradcam.png,0.19375625252723694,0.415714293718338,0.5842857360839844,0.11508898275742677,0.1402949934215082,mixed_attention
CAS328.jpg,1,Castle & Medieval,0,Adventure,0.30147412419319153,/home/test/barco/images/CAS328.jpg,/home/test/barco/xai_results/wrong_gradcam_examples/0123_CAS328_original.png,/home/test/barco/xai_results/wrong_gradcam_examples/0123_CAS328_gradcam.png,0.1551145613193512,0.6231163740158081,0.3768835663795471,0.10664819944598337,0.5864958448753462,likely_background_shortcut
COL048.jpg,2,Collectible & Special,0,Adventure,0.31930607557296753,/home/test/barco/images/COL048.jpg,/home/test/barco/xai_results/wrong_gradcam_examples/0124_COL048_original.png,/home/test/barco/xai_results/wrong_gradcam_examples/0124_COL048_gradcam.png,0.23091737926006317,0.5547885894775391,0.44521141052246094,0.1618421052631579,0.2664819944598338,likely_background_shortcut
CTY0767.jpg,29,Town - General,2,Collectible & Special,0.34589752554893494,/home/test/barco/images/CTY0767.jpg,/home/test/barco/xai_results/wrong_gradcam_examples/0125_CTY0767_original.png,/home/test/barco/xai_results/wrong_gradcam_examples/0125_CTY0767_gradcam.png,0.19281603395938873,0.4619726836681366,0.538027286529541,0.11066481994459834,0.21606648199445982,likely_background_shortcut
HP308.jpg,7,Harry Potter,2,Collectible & Special,0.41168904304504395,/home/test/barco/images/HP308.jpg,/home/test/barco/xai_results/wrong_gradcam_examples/0126_HP308_original.png,/home/test/barco/xai_results/wrong_gradcam_examples/0126_HP308_gradcam.png,0.18647192418575287,0.5262467861175537,0.4737531840801239,0.11343490304709142,0.153808864265928,likely_background_shortcut
CAS529.jpg,1,Castle & Medieval,2,Collectible & Special,0.21945638954639435,/home/test/barco/images/CAS529.jpg,/home/test/barco/xai_results/wrong_gradcam_examples/0127_CAS529_original.png,/home/test/barco/xai_results/wrong_gradcam_examples/0127_CAS529_gradcam.png,0.15789102017879486,0.4439016878604889,0.5560983419418335,0.10983379501385042,0.11599722991689751,mixed_attention
COLSH08.jpg,2,Collectible & Special,19,Space & Sci-Fi,0.1948980689048767,/home/test/barco/images/COLSH08.jpg,/home/test/barco/xai_results/wrong_gradcam_examples/0128_COLSH08_original.png,/home/test/barco/xai_results/wrong_gradcam_examples/0128_COLSH08_gradcam.png,0.12678590416908264,0.36802271008491516,0.6319772601127625,0.0636426592797784,0.08878116343490304,focuses_on_figure_but_wrong
FTV004.jpg,11,Licensed Entertainment,7,Harry Potter,0.13873787224292755,/home/test/barco/images/FTV004.jpg,/home/test/barco/xai_results/wrong_gradcam_examples/0129_FTV004_original.png,/home/test/barco/xai_results/wrong_gradcam_examples/0129_FTV004_gradcam.png,0.17212927341461182,0.4546673893928528,0.5453326106071472,0.10955678670360111,0.1673130193905817,likely_background_shortcut
HP426.jpg,7,Harry Potter,2,Collectible & Special,0.40151938796043396,/home/test/barco/images/HP426.jpg,/home/test/barco/xai_results/wrong_gradcam_examples/0130_HP426_original.png,/home/test/barco/xai_results/wrong_gradcam_examples/0130_HP426_gradcam.png,0.17160195112228394,0.42532238364219666,0.5746777653694153,0.10983379501385042,0.24993074792243766,mixed_attention
CTY0905.jpg,27,Town - Exploration,5,Fantasy,0.3171286880970001,/home/test/barco/images/CTY0905.jpg,/home/test/barco/xai_results/wrong_gradcam_examples/0131_CTY0905_original.png,/home/test/barco/xai_results/wrong_gradcam_examples/0131_CTY0905_gradcam.png,0.16571591794490814,0.39115604758262634,0.608843982219696,0.10983379501385042,0.23511080332409973,focuses_on_figure_but_wrong
IDEA253.jpg,10,LEGO Promotional,7,Harry Potter,0.7160605788230896,/home/test/barco/images/IDEA253.jpg,/home/test/barco/xai_results/wrong_gradcam_examples/0132_IDEA253_original.png,/home/test/barco/xai_results/wrong_gradcam_examples/0132_IDEA253_gradcam.png,0.17064841091632843,0.4220468997955322,0.577953040599823,0.11357340720221606,0.1242382271468144,mixed_attention
CTY1547.jpg,29,Town - General,24,Town - Airport,0.5414627194404602,/home/test/barco/images/CTY1547.jpg,/home/test/barco/xai_results/wrong_gradcam_examples/0133_CTY1547_original.png,/home/test/barco/xai_results/wrong_gradcam_examples/0133_CTY1547_gradcam.png,0.11886142194271088,0.24540573358535767,0.7545943260192871,0.07590027700831024,0.085803324099723,focuses_on_figure_but_wrong
GAME015.jpg,10,LEGO Promotional,28,Town - Fire,0.552240788936615,/home/test/barco/images/GAME015.jpg,/home/test/barco/xai_results/wrong_gradcam_examples/0134_GAME015_original.png,/home/test/barco/xai_results/wrong_gradcam_examples/0134_GAME015_gradcam.png,0.24384449422359467,0.477042555809021,0.5229575037956238,0.13822714681440443,0.16537396121883657,likely_background_shortcut
DIS177.jpg,3,Disney,10,LEGO Promotional,0.49205252528190613,/home/test/barco/images/DIS177.jpg,/home/test/barco/xai_results/wrong_gradcam_examples/0135_DIS177_original.png,/home/test/barco/xai_results/wrong_gradcam_examples/0135_DIS177_gradcam.png,0.14911840856075287,0.4083766043186188,0.5916234254837036,0.11301939058171745,0.11717451523545706,mixed_attention
CTY0283.jpg,30,Town - Police,25,Town - Coast Guard,0.27695921063423157,/home/test/barco/images/CTY0283.jpg,/home/test/barco/xai_results/wrong_gradcam_examples/0136_CTY0283_original.png,/home/test/barco/xai_results/wrong_gradcam_examples/0136_CTY0283_gradcam.png,0.19041766226291656,0.3931274712085724,0.6068724989891052,0.12333795013850415,0.24750692520775625,focuses_on_figure_but_wrong
CTY1842.jpg,31,Town - Racing,29,Town - General,0.31317999958992004,/home/test/barco/images/CTY1842.jpg,/home/test/barco/xai_results/wrong_gradcam_examples/0137_CTY1842_original.png,/home/test/barco/xai_results/wrong_gradcam_examples/0137_CTY1842_gradcam.png,0.15397925674915314,0.7493072152137756,0.2506926655769348,0.11301939058171745,0.5930747922437674,likely_background_shortcut
GEN103.jpg,6,Friends & Fantasy,0,Adventure,0.5955559611320496,/home/test/barco/images/GEN103.jpg,/home/test/barco/xai_results/wrong_gradcam_examples/0138_GEN103_original.png,/home/test/barco/xai_results/wrong_gradcam_examples/0138_GEN103_gradcam.png,0.16685426235198975,0.7189314961433411,0.2810683846473694,0.10401662049861496,0.5863573407202216,likely_background_shortcut
COL437.jpg,2,Collectible & Special,10,LEGO Promotional,0.359539657831192,/home/test/barco/images/COL437.jpg,/home/test/barco/xai_results/wrong_gradcam_examples/0139_COL437_original.png,/home/test/barco/xai_results/wrong_gradcam_examples/0139_COL437_gradcam.png,0.15905314683914185,0.5149471759796143,0.48505276441574097,0.10914127423822714,0.12236842105263158,likely_background_shortcut
IDEA170.jpg,10,LEGO Promotional,2,Collectible & Special,0.23792679607868195,/home/test/barco/images/IDEA170.jpg,/home/test/barco/xai_results/wrong_gradcam_examples/0140_IDEA170_original.png,/home/test/barco/xai_results/wrong_gradcam_examples/0140_IDEA170_gradcam.png,0.15950164198875427,0.38488295674324036,0.615117073059082,0.10512465373961219,0.16862880886426593,focuses_on_figure_but_wrong
DRM068.jpg,5,Fantasy,10,LEGO Promotional,0.21472220122814178,/home/test/barco/images/DRM068.jpg,/home/test/barco/xai_results/wrong_gradcam_examples/0141_DRM068_original.png,/home/test/barco/xai_results/wrong_gradcam_examples/0141_DRM068_gradcam.png,0.16564889252185822,0.4976738691329956,0.5023261308670044,0.11426592797783934,0.3090720221606648,likely_background_shortcut
IDEA172.jpg,10,LEGO Promotional,29,Town - General,0.32017773389816284,/home/test/barco/images/IDEA172.jpg,/home/test/barco/xai_results/wrong_gradcam_examples/0142_IDEA172_original.png,/home/test/barco/xai_results/wrong_gradcam_examples/0142_IDEA172_gradcam.png,0.18808074295520782,0.4728057086467743,0.5271942615509033,0.10997229916897507,0.12382271468144045,likely_background_shortcut
FST027.jpg,10,LEGO Promotional,33,Town - Space,0.2369309365749359,/home/test/barco/images/FST027.jpg,/home/test/barco/xai_results/wrong_gradcam_examples/0143_FST027_original.png,/home/test/barco/xai_results/wrong_gradcam_examples/0143_FST027_gradcam.png,0.30434450507164,0.5964233875274658,0.40357646346092224,0.12409972299168975,0.189196675900277,likely_background_shortcut
GB004.jpg,10,LEGO Promotional,2,Collectible & Special,0.15058496594429016,/home/test/barco/images/GB004.jpg,/home/test/barco/xai_results/wrong_gradcam_examples/0144_GB004_original.png,/home/test/barco/xai_results/wrong_gradcam_examples/0144_GB004_gradcam.png,0.1975925862789154,0.451263964176178,0.5487359762191772,0.10969529085872576,0.11682825484764543,likely_background_shortcut
JW136.jpg,8,Jurassic World,7,Harry Potter,0.4129396378993988,/home/test/barco/images/JW136.jpg,/home/test/barco/xai_results/wrong_gradcam_examples/0145_JW136_original.png,/home/test/barco/xai_results/wrong_gradcam_examples/0145_JW136_gradcam.png,0.14639315009117126,0.3984602689743042,0.6015397906303406,0.10554016620498614,0.13414127423822714,focuses_on_figure_but_wrong
HOL405.jpg,2,Collectible & Special,10,LEGO Promotional,0.3746234178543091,/home/test/barco/images/HOL405.jpg,/home/test/barco/xai_results/wrong_gradcam_examples/0146_HOL405_original.png,/home/test/barco/xai_results/wrong_gradcam_examples/0146_HOL405_gradcam.png,0.11291982978582382,0.43691274523735046,0.5630872249603271,0.1,0.1788781163434903,mixed_attention
CTY1689.jpg,27,Town - Exploration,30,Town - Police,0.5453078746795654,/home/test/barco/images/CTY1689.jpg,/home/test/barco/xai_results/wrong_gradcam_examples/0147_CTY1689_original.png,/home/test/barco/xai_results/wrong_gradcam_examples/0147_CTY1689_gradcam.png,0.178328275680542,0.4291776418685913,0.5708222389221191,0.11481994459833796,0.23774238227146816,mixed_attention
EXT011.jpg,29,Town - General,32,Town - Rescue,0.5220462083816528,/home/test/barco/images/EXT011.jpg,/home/test/barco/xai_results/wrong_gradcam_examples/0148_EXT011_original.png,/home/test/barco/xai_results/wrong_gradcam_examples/0148_EXT011_gradcam.png,0.17829793691635132,0.8119543790817261,0.18804562091827393,0.1149584487534626,0.788781163434903,likely_background_shortcut
CTY0104.jpg,29,Town - General,33,Town - Space,0.31183916330337524,/home/test/barco/images/CTY0104.jpg,/home/test/barco/xai_results/wrong_gradcam_examples/0149_CTY0104_original.png,/home/test/barco/xai_results/wrong_gradcam_examples/0149_CTY0104_gradcam.png,0.2837212085723877,0.5839003920555115,0.41609957814216614,0.12396121883656509,0.2051939058171745,likely_background_shortcut
CHEF028.jpg,29,Town - General,10,LEGO Promotional,0.734632670879364,/home/test/barco/images/CHEF028.jpg,/home/test/barco/xai_results/wrong_gradcam_examples/0150_CHEF028_original.png,/home/test/barco/xai_results/wrong_gradcam_examples/0150_CHEF028_gradcam.png,0.12398281693458557,0.4505375921726227,0.5494624376296997,0.09196675900277008,0.4312326869806094,likely_background_shortcut
IAJ052.jpg,0,Adventure,12,Middle-Earth,0.4464884102344513,/home/test/barco/images/IAJ052.jpg,/home/test/barco/xai_results/wrong_gradcam_examples/0151_IAJ052_original.png,/home/test/barco/xai_results/wrong_gradcam_examples/0151_IAJ052_gradcam.png,0.06640356034040451,0.27302587032318115,0.7269741892814636,0.04709141274238227,0.06696675900277008,focuses_on_figure_but_wrong
CTY1119.jpg,29,Town - General,24,Town - Airport,0.391959011554718,/home/test/barco/images/CTY1119.jpg,/home/test/barco/xai_results/wrong_gradcam_examples/0152_CTY1119_original.png,/home/test/barco/xai_results/wrong_gradcam_examples/0152_CTY1119_gradcam.png,0.2841407060623169,0.44592031836509705,0.5540796518325806,0.17957063711911359,0.28912742382271467,likely_border_shortcut
CAS575.jpg,1,Castle & Medieval,10,LEGO Promotional,0.4123932421207428,/home/test/barco/images/CAS575.jpg,/home/test/barco/xai_results/wrong_gradcam_examples/0153_CAS575_original.png,/home/test/barco/xai_results/wrong_gradcam_examples/0153_CAS575_gradcam.png,0.2029528021812439,0.44313332438468933,0.5568666458129883,0.11966759002770083,0.13642659279778394,mixed_attention
CTY1868.jpg,31,Town - Racing,29,Town - General,0.2619984745979309,/home/test/barco/images/CTY1868.jpg,/home/test/barco/xai_results/wrong_gradcam_examples/0154_CTY1868_original.png,/home/test/barco/xai_results/wrong_gradcam_examples/0154_CTY1868_gradcam.png,0.1869150698184967,0.6080101132392883,0.3919897973537445,0.11461218836565097,0.33261772853185595,likely_background_shortcut
CTY0840.jpg,29,Town - General,26,Town - Construction,0.6497727036476135,/home/test/barco/images/CTY0840.jpg,/home/test/barco/xai_results/wrong_gradcam_examples/0155_CTY0840_original.png,/home/test/barco/xai_results/wrong_gradcam_examples/0155_CTY0840_gradcam.png,0.16286078095436096,0.3888586461544037,0.6111413240432739,0.09016620498614958,0.20373961218836564,focuses_on_figure_but_wrong
CTY1383.jpg,30,Town - Police,29,Town - General,0.4068881571292877,/home/test/barco/images/CTY1383.jpg,/home/test/barco/xai_results/wrong_gradcam_examples/0156_CTY1383_original.png,/home/test/barco/xai_results/wrong_gradcam_examples/0156_CTY1383_gradcam.png,0.15759287774562836,0.5794894695281982,0.4205104410648346,0.11024930747922437,0.35941828254847646,likely_background_shortcut
BAT018.jpg,21,Super Heroes,0,Adventure,0.3614087402820587,/home/test/barco/images/BAT018.jpg,/home/test/barco/xai_results/wrong_gradcam_examples/0157_BAT018_original.png,/home/test/barco/xai_results/wrong_gradcam_examples/0157_BAT018_gradcam.png,0.24107059836387634,0.49208128452301025,0.5079187154769897,0.1185595567867036,0.17444598337950137,likely_background_shortcut
CTY0876.jpg,26,Town - Construction,28,Town - Fire,0.1494021862745285,/home/test/barco/images/CTY0876.jpg,/home/test/barco/xai_results/wrong_gradcam_examples/0158_CTY0876_original.png,/home/test/barco/xai_results/wrong_gradcam_examples/0158_CTY0876_gradcam.png,0.21904700994491577,0.638701856136322,0.36129817366600037,0.11509695290858726,0.3040858725761773,likely_background_shortcut
CTY0811.jpg,25,Town - Coast Guard,29,Town - General,0.42761051654815674,/home/test/barco/images/CTY0811.jpg,/home/test/barco/xai_results/wrong_gradcam_examples/0159_CTY0811_original.png,/home/test/barco/xai_results/wrong_gradcam_examples/0159_CTY0811_gradcam.png,0.15852244198322296,0.4556344449520111,0.544365644454956,0.10886426592797784,0.12541551246537397,likely_background_shortcut
JW068.jpg,8,Jurassic World,2,Collectible & Special,0.16852419078350067,/home/test/barco/images/JW068.jpg,/home/test/barco/xai_results/wrong_gradcam_examples/0160_JW068_original.png,/home/test/barco/xai_results/wrong_gradcam_examples/0160_JW068_gradcam.png,0.14336122572422028,0.3894890248775482,0.6105109453201294,0.10027700831024931,0.20581717451523546,focuses_on_figure_but_wrong
CHEF026.jpg,29,Town - General,10,LEGO Promotional,0.4143534004688263,/home/test/barco/images/CHEF026.jpg,/home/test/barco/xai_results/wrong_gradcam_examples/0161_CHEF026_original.png,/home/test/barco/xai_results/wrong_gradcam_examples/0161_CHEF026_gradcam.png,0.16209718585014343,0.17341431975364685,0.8265857100486755,0.10872576177285319,0.11156509695290859,focuses_on_figure_but_wrong
CAS549.jpg,1,Castle & Medieval,2,Collectible & Special,0.19456151127815247,/home/test/barco/images/CAS549.jpg,/home/test/barco/xai_results/wrong_gradcam_examples/0162_CAS549_original.png,/home/test/barco/xai_results/wrong_gradcam_examples/0162_CAS549_gradcam.png,0.1338586062192917,0.7573426365852356,0.2426573634147644,0.09182825484764542,0.4595567867036011,likely_background_shortcut
COLSPI13.jpg,2,Collectible & Special,35,Video Games,0.24345476925373077,/home/test/barco/images/COLSPI13.jpg,/home/test/barco/xai_results/wrong_gradcam_examples/0163_COLSPI13_original.png,/home/test/barco/xai_results/wrong_gradcam_examples/0163_COLSPI13_gradcam.png,0.14722031354904175,0.3573678135871887,0.6426321268081665,0.08885041551246538,0.14307479224376732,focuses_on_figure_but_wrong
FORT001.jpg,35,Video Games,8,Jurassic World,0.21612082421779633,/home/test/barco/images/FORT001.jpg,/home/test/barco/xai_results/wrong_gradcam_examples/0164_FORT001_original.png,/home/test/barco/xai_results/wrong_gradcam_examples/0164_FORT001_gradcam.png,0.15608488023281097,0.39731451869010925,0.6026855707168579,0.11336565096952908,0.3711218836565097,focuses_on_figure_but_wrong
COL325.jpg,2,Collectible & Special,22,Super Mario,0.14926841855049133,/home/test/barco/images/COL325.jpg,/home/test/barco/xai_results/wrong_gradcam_examples/0165_COL325_original.png,/home/test/barco/xai_results/wrong_gradcam_examples/0165_COL325_gradcam.png,0.18240587413311005,0.41112208366394043,0.5888779163360596,0.11315789473684211,0.19397506925207755,mixed_attention
HOL202.jpg,2,Collectible & Special,3,Disney,0.4333672821521759,/home/test/barco/images/HOL202.jpg,/home/test/barco/xai_results/wrong_gradcam_examples/0166_HOL202_original.png,/home/test/barco/xai_results/wrong_gradcam_examples/0166_HOL202_gradcam.png,0.15618693828582764,0.6527634859085083,0.34723660349845886,0.2275623268698061,0.5811634349030471,likely_background_shortcut
BDP250.jpg,10,LEGO Promotional,24,Town - Airport,0.3589581549167633,/home/test/barco/images/BDP250.jpg,/home/test/barco/xai_results/wrong_gradcam_examples/0167_BDP250_original.png,/home/test/barco/xai_results/wrong_gradcam_examples/0167_BDP250_gradcam.png,0.17773912847042084,0.2061416357755661,0.7938583493232727,0.05159279778393352,0.04847645429362881,focuses_on_figure_but_wrong
CTY1108.jpg,30,Town - Police,10,LEGO Promotional,0.45629796385765076,/home/test/barco/images/CTY1108.jpg,/home/test/barco/xai_results/wrong_gradcam_examples/0168_CTY1108_original.png,/home/test/barco/xai_results/wrong_gradcam_examples/0168_CTY1108_gradcam.png,0.10770325362682343,0.2467079609632492,0.7532920241355896,0.1041551246537396,0.10581717451523545,focuses_on_figure_but_wrong
IDEA046.jpg,10,LEGO Promotional,2,Collectible & Special,0.4792955219745636,/home/test/barco/images/IDEA046.jpg,/home/test/barco/xai_results/wrong_gradcam_examples/0169_IDEA046_original.png,/home/test/barco/xai_results/wrong_gradcam_examples/0169_IDEA046_gradcam.png,0.15181180834770203,0.671704888343811,0.32829511165618896,0.10609418282548476,0.6682825484764543,likely_background_shortcut
HP562.jpg,7,Harry Potter,12,Middle-Earth,0.45275673270225525,/home/test/barco/images/HP562.jpg,/home/test/barco/xai_results/wrong_gradcam_examples/0170_HP562_original.png,/home/test/barco/xai_results/wrong_gradcam_examples/0170_HP562_gradcam.png,0.145583838224411,0.40156444907188416,0.5984355211257935,0.10401662049861496,0.12119113573407202,mixed_attention
IDEA023.jpg,10,LEGO Promotional,2,Collectible & Special,0.5354597568511963,/home/test/barco/images/IDEA023.jpg,/home/test/barco/xai_results/wrong_gradcam_examples/0171_IDEA023_original.png,/home/test/barco/xai_results/wrong_gradcam_examples/0171_IDEA023_gradcam.png,0.20338264107704163,0.42971286177635193,0.5702871084213257,0.11440443213296399,0.18185595567867036,mixed_attention
COL372.jpg,2,Collectible & Special,10,LEGO Promotional,0.3193894028663635,/home/test/barco/images/COL372.jpg,/home/test/barco/xai_results/wrong_gradcam_examples/0172_COL372_original.png,/home/test/barco/xai_results/wrong_gradcam_examples/0172_COL372_gradcam.png,0.1522604078054428,0.35698583722114563,0.6430140733718872,0.11315789473684211,0.13954293628808864,focuses_on_figure_but_wrong
HS060.jpg,5,Fantasy,2,Collectible & Special,0.2754553258419037,/home/test/barco/images/HS060.jpg,/home/test/barco/xai_results/wrong_gradcam_examples/0173_HS060_original.png,/home/test/barco/xai_results/wrong_gradcam_examples/0173_HS060_gradcam.png,0.17050546407699585,0.4601726531982422,0.5398273468017578,0.11454293628808865,0.19342105263157894,likely_background_shortcut
CHEF025.jpg,29,Town - General,10,LEGO Promotional,0.43385493755340576,/home/test/barco/images/CHEF025.jpg,/home/test/barco/xai_results/wrong_gradcam_examples/0174_CHEF025_original.png,/home/test/barco/xai_results/wrong_gradcam_examples/0174_CHEF025_gradcam.png,0.10888443887233734,0.6579673290252686,0.34203267097473145,0.10055401662049862,0.5175900277008311,likely_background_shortcut
HOL343.jpg,2,Collectible & Special,10,LEGO Promotional,0.398995965719223,/home/test/barco/images/HOL343.jpg,/home/test/barco/xai_results/wrong_gradcam_examples/0175_HOL343_original.png,/home/test/barco/xai_results/wrong_gradcam_examples/0175_HOL343_gradcam.png,0.1221550777554512,0.533905565738678,0.466094434261322,0.1054016620498615,0.38566481994459834,likely_background_shortcut
IDEA087.jpg,10,LEGO Promotional,2,Collectible & Special,0.3345692455768585,/home/test/barco/images/IDEA087.jpg,/home/test/barco/xai_results/wrong_gradcam_examples/0176_IDEA087_original.png,/home/test/barco/xai_results/wrong_gradcam_examples/0176_IDEA087_gradcam.png,0.19023080170154572,0.4894406497478485,0.5105592608451843,0.11080332409972299,0.12465373961218837,likely_background_shortcut
GEN048.jpg,2,Collectible & Special,10,LEGO Promotional,0.09946483373641968,/home/test/barco/images/GEN048.jpg,/home/test/barco/xai_results/wrong_gradcam_examples/0177_GEN048_original.png,/home/test/barco/xai_results/wrong_gradcam_examples/0177_GEN048_gradcam.png,0.2072840929031372,0.30628761649131775,0.6937124133110046,0.11980609418282548,0.14286703601108033,focuses_on_figure_but_wrong
BDP112.jpg,10,LEGO Promotional,2,Collectible & Special,0.20696452260017395,/home/test/barco/images/BDP112.jpg,/home/test/barco/xai_results/wrong_gradcam_examples/0178_BDP112_original.png,/home/test/barco/xai_results/wrong_gradcam_examples/0178_BDP112_gradcam.png,0.21976852416992188,0.5501112937927246,0.4498887360095978,0.1490304709141274,0.2803324099722992,likely_background_shortcut
CTY0934.jpg,29,Town - General,26,Town - Construction,0.5333791375160217,/home/test/barco/images/CTY0934.jpg,/home/test/barco/xai_results/wrong_gradcam_examples/0179_CTY0934_original.png,/home/test/barco/xai_results/wrong_gradcam_examples/0179_CTY0934_gradcam.png,0.2499958872795105,0.4276185631752014,0.5723814368247986,0.26364265927977837,0.18469529085872577,mixed_attention
CTY1654.jpg,29,Town - General,32,Town - Rescue,0.1819370537996292,/home/test/barco/images/CTY1654.jpg,/home/test/barco/xai_results/wrong_gradcam_examples/0180_CTY1654_original.png,/home/test/barco/xai_results/wrong_gradcam_examples/0180_CTY1654_gradcam.png,0.4840540289878845,0.5850201845169067,0.4149797558784485,0.4296101378020913,0.5212242919465411,likely_background_shortcut
COL076.jpg,2,Collectible & Special,1,Castle & Medieval,0.30966421961784363,/home/test/barco/images/COL076.jpg,/home/test/barco/xai_results/wrong_gradcam_examples/0181_COL076_original.png,/home/test/barco/xai_results/wrong_gradcam_examples/0181_COL076_gradcam.png,0.15294112265110016,0.366577684879303,0.633422315120697,0.11274238227146814,0.1329639889196676,focuses_on_figure_but_wrong
BDP225.jpg,10,LEGO Promotional,2,Collectible & Special,0.28863734006881714,/home/test/barco/images/BDP225.jpg,/home/test/barco/xai_results/wrong_gradcam_examples/0182_BDP225_original.png,/home/test/barco/xai_results/wrong_gradcam_examples/0182_BDP225_gradcam.png,0.16947229206562042,0.45289793610572815,0.547102153301239,0.10581717451523545,0.11198060941828254,likely_background_shortcut
GEN174.jpg,7,Harry Potter,0,Adventure,0.4180317223072052,/home/test/barco/images/GEN174.jpg,/home/test/barco/xai_results/wrong_gradcam_examples/0183_GEN174_original.png,/home/test/barco/xai_results/wrong_gradcam_examples/0183_GEN174_gradcam.png,0.10388075560331345,0.4269987642765045,0.5730012059211731,0.04979224376731302,0.19605263157894737,mixed_attention
COL189.jpg,2,Collectible & Special,10,LEGO Promotional,0.47682538628578186,/home/test/barco/images/COL189.jpg,/home/test/barco/xai_results/wrong_gradcam_examples/0184_COL189_original.png,/home/test/barco/xai_results/wrong_gradcam_examples/0184_COL189_gradcam.png,0.15876062214374542,0.4799209535121918,0.5200788974761963,0.1146814404432133,0.12541551246537397,likely_background_shortcut
COL044.jpg,2,Collectible & Special,0,Adventure,0.4346049427986145,/home/test/barco/images/COL044.jpg,/home/test/barco/xai_results/wrong_gradcam_examples/0185_COL044_original.png,/home/test/barco/xai_results/wrong_gradcam_examples/0185_COL044_gradcam.png,0.167524516582489,0.46893638372421265,0.5310635566711426,0.18808864265927977,0.29106648199445984,likely_background_shortcut
COL390.jpg,2,Collectible & Special,29,Town - General,0.3475084602832794,/home/test/barco/images/COL390.jpg,/home/test/barco/xai_results/wrong_gradcam_examples/0186_COL390_original.png,/home/test/barco/xai_results/wrong_gradcam_examples/0186_COL390_gradcam.png,0.17243929207324982,0.42567557096481323,0.5743243098258972,0.11371191135734073,0.12520775623268698,mixed_attention
CTY1468.jpg,29,Town - General,10,LEGO Promotional,0.4675694406032562,/home/test/barco/images/CTY1468.jpg,/home/test/barco/xai_results/wrong_gradcam_examples/0187_CTY1468_original.png,/home/test/barco/xai_results/wrong_gradcam_examples/0187_CTY1468_gradcam.png,0.1162969172000885,0.4269503951072693,0.5730496644973755,0.09653739612188365,0.12202216066481994,mixed_attention
HOL102.jpg,2,Collectible & Special,10,LEGO Promotional,0.7877438068389893,/home/test/barco/images/HOL102.jpg,/home/test/barco/xai_results/wrong_gradcam_examples/0188_HOL102_original.png,/home/test/barco/xai_results/wrong_gradcam_examples/0188_HOL102_gradcam.png,0.13838884234428406,0.5325596332550049,0.4674404263496399,0.10166204986149585,0.1265927977839335,likely_background_shortcut
CTY1485.jpg,31,Town - Racing,2,Collectible & Special,0.32359078526496887,/home/test/barco/images/CTY1485.jpg,/home/test/barco/xai_results/wrong_gradcam_examples/0189_CTY1485_original.png,/home/test/barco/xai_results/wrong_gradcam_examples/0189_CTY1485_gradcam.png,0.17172271013259888,0.39908260107040405,0.600917398929596,0.11038781163434903,0.11461218836565097,focuses_on_figure_but_wrong
HP226.jpg,7,Harry Potter,10,LEGO Promotional,0.4899607300758362,/home/test/barco/images/HP226.jpg,/home/test/barco/xai_results/wrong_gradcam_examples/0190_HP226_original.png,/home/test/barco/xai_results/wrong_gradcam_examples/0190_HP226_gradcam.png,0.11832727491855621,0.029680369421839714,0.9703196287155151,0.09626038781163435,0.029709141274238227,focuses_on_figure_but_wrong
CTY1184.jpg,24,Town - Airport,29,Town - General,0.34760379791259766,/home/test/barco/images/CTY1184.jpg,/home/test/barco/xai_results/wrong_gradcam_examples/0191_CTY1184_original.png,/home/test/barco/xai_results/wrong_gradcam_examples/0191_CTY1184_gradcam.png,0.17126832902431488,0.5062971115112305,0.49370285868644714,0.10997229916897507,0.15096952908587258,likely_background_shortcut
DIS024.jpg,2,Collectible & Special,3,Disney,0.44105589389801025,/home/test/barco/images/DIS024.jpg,/home/test/barco/xai_results/wrong_gradcam_examples/0192_DIS024_original.png,/home/test/barco/xai_results/wrong_gradcam_examples/0192_DIS024_gradcam.png,0.07119796425104141,0.5594831109046936,0.440516859292984,0.03469529085872576,0.4261772853185596,likely_background_shortcut
DIS013.jpg,2,Collectible & Special,11,Licensed Entertainment,0.4571743607521057,/home/test/barco/images/DIS013.jpg,/home/test/barco/xai_results/wrong_gradcam_examples/0193_DIS013_original.png,/home/test/barco/xai_results/wrong_gradcam_examples/0193_DIS013_gradcam.png,0.16246336698532104,0.3666267693042755,0.6333731412887573,0.10484764542936288,0.11502770083102493,focuses_on_figure_but_wrong
COLTM05.jpg,2,Collectible & Special,29,Town - General,0.28647908568382263,/home/test/barco/images/COLTM05.jpg,/home/test/barco/xai_results/wrong_gradcam_examples/0194_COLTM05_original.png,/home/test/barco/xai_results/wrong_gradcam_examples/0194_COLTM05_gradcam.png,0.19150201976299286,0.4453120231628418,0.5546879172325134,0.11343490304709142,0.11994459833795014,mixed_attention
CAS533.jpg,1,Castle & Medieval,2,Collectible & Special,0.41555914282798767,/home/test/barco/images/CAS533.jpg,/home/test/barco/xai_results/wrong_gradcam_examples/0195_CAS533_original.png,/home/test/barco/xai_results/wrong_gradcam_examples/0195_CAS533_gradcam.png,0.18499542772769928,0.6318689584732056,0.36813098192214966,0.11038781163434903,0.3033240997229917,likely_background_shortcut
CTY1501.jpg,31,Town - Racing,10,LEGO Promotional,0.2661064565181732,/home/test/barco/images/CTY1501.jpg,/home/test/barco/xai_results/wrong_gradcam_examples/0196_CTY1501_original.png,/home/test/barco/xai_results/wrong_gradcam_examples/0196_CTY1501_gradcam.png,0.16844992339611053,0.6051905751228333,0.39480942487716675,0.10581717451523545,0.38704986149584486,likely_background_shortcut
FRE001.jpg,4,Education & Technical,29,Town - General,0.3419516086578369,/home/test/barco/images/FRE001.jpg,/home/test/barco/xai_results/wrong_gradcam_examples/0197_FRE001_original.png,/home/test/barco/xai_results/wrong_gradcam_examples/0197_FRE001_gradcam.png,0.24741946160793304,0.6750003099441528,0.32499969005584717,0.12382271468144045,0.4597645429362881,likely_background_shortcut
BOAT001.jpg,29,Town - General,24,Town - Airport,0.6450182199478149,/home/test/barco/images/BOAT001.jpg,/home/test/barco/xai_results/wrong_gradcam_examples/0198_BOAT001_original.png,/home/test/barco/xai_results/wrong_gradcam_examples/0198_BOAT001_gradcam.png,0.24445262551307678,0.5542009472846985,0.4457990229129791,0.12396121883656509,0.1396814404432133,likely_background_shortcut
CTY0096.jpg,29,Town - General,26,Town - Construction,0.5126264691352844,/home/test/barco/images/CTY0096.jpg,/home/test/barco/xai_results/wrong_gradcam_examples/0199_CTY0096_original.png,/home/test/barco/xai_results/wrong_gradcam_examples/0199_CTY0096_gradcam.png,0.23706269264221191,0.4663793444633484,0.5336207151412964,0.25277008310249305,0.27153739612188366,likely_background_shortcut
